total_alerts,avg_risk_score,high_risk_pct,top_ioc
7,73.57142857142857,85.71428571428571,192.168.1.00
