total_alerts,avg_risk_score,high_risk_pct,top_ioc
3,58.333333333333336,66.66666666666666,192.168.1.50
